Date,Income/Expenses,Category,Memo,Amount
2019-05-28,Expenses,Telephone,"Top Up Singtel Card @7-Eleven, Clementi",-10
2019-05-28,Expenses,Gift,,-15.3
2019-05-28,Expenses,Drinks,"Bubble Tea @Koi, Takashimaya, Orchard",-1.8
2019-05-28,Expenses,Gift,,-32
2019-05-28,Expenses,Food,"Korean BBQ @I Am Kim, Rochor",-15
2019-05-28,Expenses,Gift,,-8.3
2019-05-27,Expenses,Gift,,-8.3
2019-05-27,Expenses,Fruits,"Juice @Boost Juice Bars, Bugis Junction, Bugis",-3
2019-05-27,Expenses,Food,"Fried Seafood Hor Fun @Food Junction, Bugis Junction, Bugis",-6.5
2019-05-27,Income,Cash Withdrawal,,100
2019-05-27,Expenses,Snacks,"Snacks @Old Chang Kee, Clementi Mall, Clementi",-5.2
2019-05-26,Expenses,Food,"Mixed Rice @Foodfare, Clementi Mall, Clementi",-4.2
2019-05-26,Expenses,Food,"Chicken Burger @Jinjja Chicken, Clementi Mall, Clementi",-10.4
2019-05-25,Expenses,Food,"Katsu Don @Cook House, JEM, Jurong East",-5.5
2019-05-25,Expenses,Drinks,"Chocolate @Coffee Bean & Tea Leaf, JEM, Jurong East",-4
2019-05-25,Expenses,Food,"Mixed Rice @Foodfare, Clementi Mall, Clementi",-4.2
2019-05-24,Expenses,Food,"Red Mee Sua @Food District, Rochor",-5
2019-05-24,Expenses,Drinks,"Lemon Boom @Heytea, Clarke Quay",-2.7
2019-05-24,Expenses,Dessert,"Chocolate Waffle @The Daily Scoop, Rochor",-3.9
2019-05-24,Expenses,Snacks,"Seaweed + Ruffles @Cold Storage, Plaza Singapura, Dhoby Ghaut",-4.3
2019-05-24,Expenses,Food,"Salted Egg Chicken Rice @Sim Lim Square, Rochor",-5.8
2019-05-23,Expenses,Groceries,"Groceries @Cold Storage, Takashimaya, Orchard",-16
2019-05-23,Expenses,Drinks,"Bubble Tea @Li-Ho, Peace Centre, Rochor",-1
2019-05-23,Expenses,Telephone,"Top Up Singtel Card @7-Eleven, Clementi",-10
2019-05-23,Expenses,Food,"Braised Pork Rice @Food District, Rochor",-6
2019-05-22,Expenses,Food,"Nasi Lemak Burger @Mc. Donald's, Changi City Point, Expo",-8
2019-05-22,Expenses,Food,"Mixed Rice @Food Clique, SIM, Clementi",-3.7
2019-05-21,Expenses,Drinks,"Beer @Stickies Bar, Clementi",-7
2019-05-21,Expenses,Food,"Mixed Rice @Food Clique, SIM, Clementi",-2.8
2019-05-21,Expenses,Food,"Mixed Rice @Food Clique, SIM, Clementi",-3.2
2019-05-21,Expenses,Movies,"John Wick 3: Parabellum @WE Cinema, 321 Clementi, Clementi",-7
2019-05-20,Expenses,Clothing,"T-Shirt @Uniqlo, ION Orchard, Orchard",-15
2019-05-20,Expenses,Dessert,"Churros @Chulove, Clementi Mall, Clementi",-2.8
2019-05-20,Expenses,Drinks,"Bubble Tea @Li-Ho, Clementi Mall, Clementi",-1
2019-05-20,Expenses,Food,"Jinjja Drumstick Bap Set @Jinjja Chicken, Clementi Mall, Clementi ",-9.8
2019-05-20,Expenses,Food,"Mixed Rice @Foodfare, Clementi Mall, Clementi",-4.2
2019-05-19,Expenses,Snacks,"Truffle Cheese Fries + Chocolate Cake @Coffee Bean & Tea Leaf, Holland Village",-7.3
2019-05-19,Expenses,Drinks,"Chocolate @Coffee Bean & Tea Leaf, Holland Village",-4.5
2019-05-19,Expenses,Food,"Fried Rice @Holland Food Market, Holland Village",-4.5
2019-05-18,Expenses,Dessert,"Churros @Chu-Love, Clementi Mall, Clementi",-3.5
2019-05-18,Expenses,Food,"Jinjja Drumstick Bap Set @Jinjja Chicken, Clementi Mall, Clementi",-10
2019-05-18,Expenses,Food,"Mixed Rice @Food Clique, SIM, Clementi",-3.2
2019-05-18,Expenses,Groceries,"Sunshine's DIGSTV Bread @Fairprice Finest, Clementi Mall, Clementi",-2.4
2019-05-17,Expenses,Dessert,"Churros @Chu-Love, Clementi Mall, Clementi",-2.8
2019-05-17,Expenses,Food,"Mixed Rice @Foodfare, Clementi Mall, Clementi",-4.2
2019-05-16,Expenses,Groceries,"Milk + Snack @Cold Storage, Holland Village",-4.7
2019-05-16,Expenses,Food,"Noodle @Kampoeng, SIM, Clementi",-4.5
2019-05-16,Expenses,Food,"Mixed Rice @Food Clique, SIM, Clementi",-2.8
2019-05-15,Expenses,Food,"Double Mc Spicy @Mc. Donald's, Terminal 2, Changi",-8
2019-05-15,Expenses,Drinks,"Green Tea @Signature-Koi, Jewel Changi, Changi",-2.5
2019-05-15,Income,Cash Withdrawal,,200
2019-05-15,Expenses,Gift,,-27
2019-05-15,Expenses,Food,"Mixed Rice @Food Clique, SIM, Clementi",-3.7
2019-05-14,Expenses,Food,"Mixed Rice @Food Clique, SIM, Clementi",-2.8
2019-05-14,Expenses,Food,"Mixed Rice @Food Clique, SIM, Clementi",-3.7
2019-05-13,Expenses,Food,"Noodle @Kampoeng, SIM, Clementi",-5
2019-05-13,Expenses,Food,"Mixed Rice @Food Clique, SIM, Clementi",-3.2
2019-05-13,Expenses,Groceries,"Sunshine's HKD MT Bread @Fairprice Finest, Clementi Mall, Clementi",-2.7
2019-05-12,Expenses,Transportation,Top Up Ezlink Card,-50
2019-05-12,Expenses,Food,"Fried Rice @Holland Food Market, Holland Village",-4.5
2019-05-12,Expenses,Drinks,"Chocolate & Coffee @Coffee Bean & Tea Leaf, Holland Village",-8
2019-05-11,Expenses,Food,"Mixed Rice @Food Clique, SIM, Clementi",-2.8
2019-05-11,Expenses,Transportation,Grab from Nexus to Home,-9
2019-05-11,Expenses,Food,"Double Mc Spicy @Mc. Donald's, Beauty World Centre, Beauty World",-9
2019-05-10,Expenses,Food,"Mixed Rice @Food Loft, Clementi",-3.7
2019-05-10,Expenses,Food,"Mixed Rice @Food Clique, SIM, Clementi",-2.8
2019-05-09,Expenses,Food,"Mixed Rice @Food Clique, SIM, Clementi",-4
2019-05-09,Expenses,Food,"Mixed Rice @Food Clique, SIM, Clementi",-3.2
2019-05-08,Expenses,Groceries,"Sunshine's HKD MT Bread @Fairprice Finest, Jewel Changi, Changi",-2.7
2019-05-08,Expenses,Drinks,"Honey Lemon @Foyer 2, Expo",-1.8
2019-05-08,Expenses,Food,"Chubby Burger @A&W, Jewel Changi, Changi",-11.1
2019-05-08,Expenses,Drinks,"Mineral Water @Buzz, Clementi",-1
2019-05-08,Expenses,Drinks,"Brown Sugar Deerioca @The Alley, Jewel Changi, Changi",-2.6
2019-05-08,Expenses,Food,"Truffle Chicken Burger @Burger King, Jewel Changi, Changi",-12.5
2019-05-07,Expenses,Food,"Mixed Rice @Food Clique, SIM, Clementi",-3.7
2019-05-07,Expenses,Food,"Mixed Rice @Food Clique, SIM, Clementi",-2.8
2019-05-06,Expenses,Food,"Mixed Rice @Food Clique, SIM, Clementi",-4
2019-05-06,Expenses,Food,"Mixed Rice @Food Clique, SIM, Clementi",-2.8
2019-05-05,Expenses,Snacks,"Sausage Bread @Coffee Bean & Tea Leaf, Holland Village",-2
2019-05-05,Expenses,Food,"Fried Rice @Holland Food Market, Holland Village",-4.5
2019-05-05,Expenses,Drinks,"Chocolate @Coffee Bean & Tea Leaf, Holland Village",-7
2019-05-04,Income,Cash Withdrawal,,200
2019-05-04,Expenses,Dessert,"Yogurt @Yolé, Wisma Atria, Orchard",-3
2019-05-04,Expenses,Food,"Fried Rice @Papa Ayam, 313 Somerset, Somerset",-11.5
2019-05-04,Expenses,Drinks,"Bubble Tea @Koi, 313 Somerset, Somerset",-1.8
2019-05-04,Expenses,Snacks,"Snacks @Old Chang Kee, Suntec City, Promenade",-2.5
2019-05-03,Expenses,Groceries,"Groceries @Cold Storage Jelita, Clementi",-5.3
2019-05-03,Expenses,Food,"Zinger Box @KFC, Jewel Changi, Changi",-9.5
2019-05-03,Expenses,Food,"Mixed Rice @Food Loft, Clementi",-3.4
2019-05-02,Expenses,Food,"Noodle @Kampoeng, SIM, Clementi",-4.5
2019-05-02,Expenses,Transportation,Grab from Expo to SIM,-9.5
2019-05-02,Expenses,Food,"Mixed Rice @Foodfare, Clementi Mall, Clementi",-4.2
2019-05-01,Expenses,Food,"Fried Rice @Holland Food Market, Holland Village",-4.5
2019-05-01,Expenses,Drinks,"Chocolate @Coffee Bean & Tea Leaf, Holland Village",-11.3
2019-05-01,Expenses,Drinks,"Mineral Water @Fairprice Finest, Clementi Mall, Clementi",-0.7
2019-05-01,Expenses,Food,"Mixed Rice @Foodfare, Clementi Mall, Clementi",-4.4
2019-05-01,Income,Last Month's Balance,April's Balance,215.8
2019-04-30,Expenses,Food,"Mixed Rice @Food Clique, SIM, Clementi",-3.2
2019-04-30,Expenses,Food,"Mixed Rice @Food Clique, SIM, Clementi",-3.7
2019-04-29,Expenses,Food,"Mixed Rice @Food Clique, SIM, Clementi",-3.6
2019-04-29,Expenses,Food,"Mixed Rice @Food Clique, SIM, Clementi",-3.2
2019-04-28,Expenses,Food,"Mixed Rice @Food Loft, Clementi",-3.4
2019-04-27,Expenses,Drinks,"Mineral Water @Fairprice Xtra, JEM, Jurong East",-1
2019-04-27,Expenses,Food,"Lunch @Yakun Kaya Toast, Clementi Mall, Clementi",-2.5
2019-04-27,Expenses,Food,"Hor Fun @Food Republic, Westgate, Jurong East",-6
2019-04-26,Expenses,Food,"Noodle @Kampoeng, SIM, Clementi",-4.5
2019-04-26,Expenses,Food,"Mixed Rice @Food Clique, SIM, Clementi",-3.2
2019-04-25,Expenses,Food,"Nasi Lemak Burger @Mc. Donald's, Clementi",-7.3
2019-04-25,Expenses,Movies,"Avengers: Endgame @WE Cinema, 321 Clementi, Clementi",-9.5
2019-04-25,Expenses,Food,"Mixed Rice @Food Clique, SIM, Clementi",-3.2
2019-04-24,Expenses,Food,"Zinger Meal @KFC, Clementi Mall, Clementi",-10.3
2019-04-24,Expenses,Food,"Mixed Rice @Food Clique, SIM, Clementi",-3.2
2019-04-23,Expenses,Food,"Popcorn Chicken @Kampoeng, SIM, Clementi",-5
2019-04-23,Expenses,Food,"Mixed Rice @Food Clique, SIM, Clementi",-2.8
2019-04-22,Expenses,Food,"Mixed Rice @Food Clique, SIM, Clementi",-4
2019-04-22,Expenses,Food,"Mixed Rice @Food Clique, SIM, Clementi",-3.2
2019-04-21,Income,Cash Withdrawal,,200
2019-04-21,Expenses,Food,"Mixed Rice @Foodfare, Clementi Mall, Clementi",-3.5
2019-04-21,Expenses,Groceries,"Milk @Fairprice, Dover",-5.3
2019-04-21,Expenses,Telephone,"Top Up Singtel Card @7-Eleven, Clementi",-10
2019-04-20,Expenses,Food,"Mixed Rice @Food Clique, SIM, Clementi",-3.7
2019-04-20,Expenses,Transportation,Top Up Ezlink Card,-50
2019-04-20,Expenses,Food,"Double Mc Spicy @Mc. Donald's, Clementi",-7.8
2019-04-19,Expenses,Food,"Crispy Chicken + Mc Flurry @Mc. Donald's, Jurong East",-8.8
2019-04-19,Expenses,Food,"Mini Wok @Food Republic, Westgate, Jurong East",-5.9
2019-04-18,Expenses,Food,"Japanese Food @Cook House, JEM, Jurong East",-5.5
2019-04-18,Expenses,Gift,,-6
2019-04-18,Expenses,Gift,,-7.9
2019-04-18,Expenses,Food,"Fried Rice @Foodfare, Clementi Mall, Clementi",-4.8
2019-04-18,Expenses,Groceries,"Bread + Peanut Butter @Fairprice Xtra, JEM, Jurong East",-6
2019-04-17,Expenses,Snacks,"Doughnut @Dunkin Donuts, City Sqaure Mall, Farrer Park",-1.9
2019-04-17,Expenses,Drinks,"Bubble Tea @Koi, City Square Mall, Farrer Park",-1.8
2019-04-17,Expenses,Snacks,"Mineral Water @Fairprice, City Square Mall, Farrer Park",-1
2019-04-17,Expenses,Food,"Prata @Bistro ABC, Geylang Bahru",-2.2
2019-04-17,Expenses,Food,"Zither Pack @KFC, City Square Mall, Farrer Park",-9.5
2019-04-16,Expenses,Snacks,"Mineral Water + Snacks @Shengshiong, Geylang Bahru",-2.3
2019-04-16,Expenses,Food,Mixed Rice @Geylang Bahru,-5
2019-04-15,Expenses,Dessert,"Ice Cream @Häagen-dazs, ION Orchard, Orchard",-10.5
2019-04-15,Expenses,Food,"Ayam Geprek @Papa Ayam, 313 Somerset, Somerset",-7.2
2019-04-15,Expenses,Food,"Mixed Rice @Food Clique, SIM, Clementi",-2.8
2019-04-15,Expenses,Gift,,-7.5
2019-04-14,Expenses,Food,"Crispy Chicken @Mc.Donald's, Jurong East",-4.5
2019-04-14,Income,Cash Withdrawal,,200
2019-04-14,Expenses,Drinks,"Double Chocolate @Coffee Bean & Tea Leaf, JEM, Jurong East",-4
2019-04-13,Expenses,Food,"Mixed Rice @Food Loft, Clementi",-3.5
2019-04-12,Expenses,Groceries,"Sunshine's Jumbo Pack @Fairprice Finest, Clementi Mall, Clementi",-2.1
2019-04-12,Expenses,Food,"Mala Hot Soup @Kampoeng, SIM, Clementi",-5.2
2019-04-12,Expenses,Snacks,"Snacks @Food Clique, SIM, Clementi",-3.7
2019-04-11,Expenses,Food,"Noodle @Kampoeng, SIM, Clementi",-4.5
2019-04-11,Expenses,Food,"Mixed Rice @Food Clique, SIM, Clementi",-3.2
2019-04-10,Expenses,Food,"Noodle @Kampoeng, SIM, Clementi",-4.5
2019-04-10,Expenses,Food,"Mixed Rice @Food Clique, SIM, Clementi",-2.8
2019-04-09,Expenses,Food,"Mixed Rice @Food Clique, SIM, Clementi",-3.5
2019-04-09,Expenses,Food,"Mixed Rice @Food Clique, SIM, Clementi",-3.2
2019-04-08,Expenses,Food,"Chicken Bowl @Kampoeng, SIM, Clementi",-5
2019-04-08,Expenses,Food,"Mixed Rice @Food Clique, SIM, Clementi",-4
2019-04-07,Expenses,Groceries,"Sunshine's Bread + Mineral Water @Fairprice Xtra, JEM, Jurong East",-2.5
2019-04-07,Expenses,Food,"Mixed Rice @Food Republic, Westgate, Jurong East",-4.5
2019-04-07,Expenses,Drinks,"Coffee @Coffee Bean & Tea Leaf, JEM, Jurong East",-4.5
2019-04-06,Expenses,Food,"Bee Hoon @Foodfare, Clementi Mall, Clementi",-4.5
2019-04-05,Expenses,Food,"Japanese Food @Kampoeng, SIM, Clementi",-4.8
2019-04-05,Expenses,Food,"Mixed Rice @Food Clique, SIM, Clementi",-4
2019-04-04,Expenses,Food,"Mixed Rice @Food Loft, Clementi",-3
2019-04-04,Expenses,Haircut,Haircut @Dover,-10
2019-04-04,Expenses,Food,"Mixed Rice @Foodfare, Clementi Mall, Clementi",-3.5
2019-04-04,Expenses,Gift,,-5
2019-04-04,Expenses,Food,"Food @Yakun Kaya Toast, Clementi Mall, Clementi",-1.9
2019-04-03,Expenses,Drinks,"Chocolate + Cake @Coffee Bean & Tea Leaf, JEM, Jurong East",-7.8
2019-04-03,Expenses,Food,"Mixed Rice @Food Republic, Westgate, Jurong East",-4.5
2019-04-03,Income,Cash Withdrawal,,200
2019-04-03,Expenses,Transportation,Top Up Ezlink Card,-50
2019-04-03,Expenses,Food,"Mc Spicy @Mc. Donald's, JEM, Jurong East",-6.8
2019-04-02,Expenses,Food,"Sweet-Chilli Fish @Mc. Donald's, Shaw House, Orchard",-8
2019-04-02,Expenses,Clothing,"Clothing @Uniqlo, ION Orchard, Orchard",-14.9
2019-04-01,Expenses,Groceries,"Sunshine's HKD MT Bread @Cold Storage Jelita, Clementi",-2.7
2019-04-01,Expenses,Food,"Mixed Rice @Food Clique, SIM, Clementi",-4
2019-04-01,Expenses,Food,"Mixed Rice @Food Clique, SIM, Clementi",-3.2
2019-04-01,Income,Last Month's Balance,March's Balance,115.3
2019-03-31,Expenses,Food,"Japanese Food @Cook House, JEM, Jurong East",-5
2019-03-31,Expenses,Drinks,"Green Tea @Coffee Bean & Tea Leaf, JEM, Jurong East",-2.4
2019-03-31,Expenses,Drinks,"Chocolate @Coffee Bean & Tea Leaf, JEM, Jurong East",-4
2019-03-30,Expenses,Food,"Mixed Rice @Food Loft, Clementi",-3.4
2019-03-29,Expenses,Food,"Noodle @Kampoeng, SIM, Clementi",-4.5
2019-03-29,Expenses,Food,"Mixed Rice @Food Clique, SIM, Clementi",-3.2
2019-03-28,Expenses,Groceries,"Gardenia's High Cal Bread + Truffles Bar @Cold Storage, Holland Village",-3.8
2019-03-28,Expenses,Food,"Sliced Pork Chop @Kampoeng, SIM, Clementi",-5
2019-03-28,Expenses,Food,"Mixed Rice @Food Clique, SIM, Clementi",-2.8
2019-03-27,Expenses,Food,"Mixed Rice @Cook House, JEM, Jurong East",-5.2
2019-03-27,Expenses,Snacks,"Muffin @Coffee Bean & Tea Leaf, JEM, Jurong East",-2.2
2019-03-27,Expenses,Drinks,"Chocolate @Coffee Bean & Tea Leaf, JEM, Jurong East",-4
2019-03-27,Expenses,Movies,"Us @Cathay Cinema, JEM, Jurong East",-7
2019-03-27,Expenses,Drinks,"Mineral Water @Fairprice Xtra, JEM, Jurong East",-0.7
2019-03-27,Expenses,Snacks,"Snacks @Tori-Q, JEM, Jurong East",-3.6
2019-03-26,Expenses,Food,"Japanese Food @Kampoeng, SIM, Clementi",-5.5
2019-03-26,Expenses,Food,"Mixed Rice @Food Clique, SIM, Clementi",-3.6
2019-03-25,Expenses,Food,"Mixed Rice @Food Clique, SIM, Clementi",-3.6
2019-03-25,Expenses,Food,"Mixed Rice @Food Clique, SIM, Clementi",-2.8
2019-03-24,Expenses,Dessert,"Mc Flurry @Mc. Donald 's, Clementi",-1.4
2019-03-24,Expenses,Food,"Mixed Rice @Foodfare, Clementi Mall, Clementi",-3.5
2019-03-23,Income,Cash Withdrawal,,100
2019-03-23,Expenses,Food,"Mixed Rice @Food Clique, SIM, Clementi",-4
2019-03-23,Expenses,Food,"Mala Hot Soup @Kampoeng, SIM, Clementi",-4.5
2019-03-22,Expenses,Food,"Noodle @Foodfare, Clementi Mall, Clementi",-4.5
2019-03-22,Expenses,Food,"Mixed Rice @Food Clique, SIM, Clementi",-3.7
2019-03-21,Expenses,Drinks,"Pocari Sweat @Fairprice Finest, Clementi Mall, Clementi",-0.6
2019-03-21,Expenses,Groceries,"Sunshine's ENRCH W/B @Fairprice Finest, Clementi Mall, Clementi",-2.1
2019-03-21,Expenses,Food,"Original Angus @Mc Donald's, Sentosa Island, Harbourfront",-7.8
2019-03-21,Expenses,Food,"Crispy Chicken @Mc. Donald's, Vivocity, Harbourfront",-4.8
2019-03-21,Expenses,Dessert,"Mc Flurry @Mc. Donald's, Sentosa Island, Harbourfront",-1.8
2019-03-21,Expenses,Telephone,"Top-Up Singtel SIM Card @7-Eleven, Sunset Way, Clementi",-10
2019-03-21,Expenses,Dessert,"Ice Cream @Udders, Beauty World",-3.8
2019-03-20,Expenses,Food,"Mixed Rice @Food Clique, SIM, Clementi",-3.7
2019-03-20,Expenses,Food,"Mixed Rice @Food Clique, SIM, Clementi",-3.7
2019-03-19,Expenses,Food,"Noodle @Kampoeng, SIM, Clementi",-4.5
2019-03-19,Expenses,Food,"Mixed Rice @Food Clique, SIM, Clementi",-3.7
2019-03-18,Expenses,Drinks,"Bubble Tea @Heytea, ION Orchard, Orchard",-2.7
2019-03-18,Expenses,Food,"Mala Hot Soup @Kampoeng, SIM, Clementi",-5.8
2019-03-18,Expenses,Food,"Mixed Rice @Food Clique, SIM, Clementi",-4.6
2019-03-17,Expenses,Food,"Crispy Chicken + Chocolate Chicken + Mc. Flurry @Mc. Donald's, Metropolis, Buona Vista",-10.6
2019-03-17,Expenses,Snacks,"Snacks @Cold Storage Jelita, Clementi",-3.5
2019-03-17,Expenses,Snacks,"Snacks @Cold Storage Jelita, Clementi",-3.3
2019-03-16,Expenses,Groceries,"Sunshine Bread @Fairprice Finest, Clementi Mall, Clementi",-2.4
2019-03-16,Expenses,Food,"Mixed Rice @Food Clique, SIM, Clementi",-4
2019-03-16,Expenses,Food,"Mixed Rice @Food Clique, SIM, Clementi",-3.2
2019-03-15,Expenses,Food,"Double Mc Spicy @Mc. Donald's, Gardnes by the Bay, Bayfront",-9.4
2019-03-15,Expenses,Snacks,"Doughnut @Flower Dome, Gardens by The Bay, Bayfront",-4.5
2019-03-15,Expenses,Entertainment,"Flower Dome Entry Pass @Gardens by The Bay, Bayfront",-10.8
2019-03-15,Expenses,Food,"Mixed Rice @Rasapura, Marina Bay Sands, Marina Bay",-9
2019-03-15,Expenses,Gift,,-15
2019-03-14,Expenses,Fruits,"Juice @Boost Juice Bars, Plaza Singapura, Dhoby Ghaut",-3
2019-03-14,Expenses,Gift,,-6
2019-03-14,Expenses,Transportation,Top Up Ezlink Card,-50
2019-03-14,Expenses,Food,"Noodle @Kopitiam, Plaza Singapura, Dhoby Ghaut",-4.8
2019-03-14,Expenses,Home,"Laundry Net @Daiso, Plaza Sjngapura, Dhoby Ghaut",-2
2019-03-14,Income,Cash Withdrawal,,200
2019-03-14,Expenses,Snacks,"Popcorn @Shaw Theatre, Shaw Plaza Balestier, Novena",-2.4
2019-03-14,Expenses,Movies,"Captain Marvel @Shaw Theatre, Shaw Plaza Balestier, Novena",-6.5
2019-03-14,Expenses,Snacks,"Snacks @Tori-Q & Old Chang Kee, ION Orchard, Orchard",-7
2019-03-14,Expenses,Gift,,-15
2019-03-13,Expenses,Food,"Mixed Rice @Food Clique, SIM, Clementi",-3.7
2019-03-13,Expenses,Food,"Dinner @IKEA, Alexandra, Queenstown", -10
2019-03-12,Expenses,Food,"Mala Hot Soup @Kampoeng, SIM, Clementi",-6
2019-03-12,Expenses,Food,"Mixed Rice @Food Clique, SIM, Clementi",-3.2
2019-03-12,Expenses,Gift,,-5.5
2019-03-11,Expenses,Groceries,"Groceries @Fairprice Finest, Clementi Mall, Clementi",-7.1
2019-03-11,Expenses,Food,"Mixed Rice @Food Clique, SIM, Clementi",-4
2019-03-11,Expenses,Food,"Mixed Rice @Food Clique, SIM, Clementi",-3.7
2019-03-10,Expenses,Others,,-30
2019-03-10,Expenses,Fruits,"Tomato @Cold Storage, Holland Village",-4
2019-03-10,Expenses,Snacks,"Brownies and Cookies @Cold Storage, Holland Village",-1.5
2019-03-10,Expenses,Food,"Mixed Rice @Foodfare, Dover",-3.9
2019-03-10,Expenses,Drinks,"Bubble Tea @Li-Ho, Star Vista, Buona Vista",-1
2019-03-10,Expenses,Drinks,"Mineral Water @Cold Storage, Star Vista, Buona Vista",-0.3
2019-03-10,Expenses,Food,"Pizza @Pezzo, Star Vista, Buona Vista",-6.9
2019-03-09,Expenses,Food,"Mixed Rice @Kopitiam, Vivo City, Harbourfront",-5.2
2019-03-09,Expenses,Food,"Pizza @Loui's Pizza, Universal Studio, Harbourfront",-10
2019-03-09,Expenses,Food,"Chicken Ham @Go-Stop, Clementi Mall, Clementi",-2.3
2019-03-09,Expenses,Food,"Breakfast @Yakun Kaya Toast, Clementi Mall, Clementi",-2.5
2019-03-08,Expenses,Fruits,"Juice @Boost Juice Bars, Holland Village",-3
2019-03-08,Expenses,Food,"Mixed Rice @Food Clique, SIM, Clementi",-3.7
2019-03-08,Expenses,Food,"Japanese Food @Food Republic, 313 Somerset, Somerset",-6.3
2019-03-07,Expenses,Drinks,"Mineral Water @Fairprice Xtra, JEM, Jurong East",-0.7
2019-03-07,Expenses,Snacks,"Kinderjoy Bueno @Fair Price Xtra, JEM, Jurong East",-1.9
2019-03-07,Expenses,Food,"Seafood Fried Rice @Cook House,  JEM, Jurong East",-5.8
2019-03-07,Expenses,Food,"Yakitori @Tori-Q, Clementi Mall, Clementi",-7.2
2019-03-06,Expenses,Drinks,"Lemon Boom @Heytea, ION Orchard, Orchard",-2.8
2019-03-06,Expenses,Food,"Salmon Pepper Rice @Food Opera, ION Orchard, Orchard",-8.2
2019-03-06,Expenses,Food,"Mixed Rice @Food Clique, SIM, Clementi",-3.3
2019-03-05,Expenses,Groceries,"Sunshine's HKD/MT Bread + Snacks + Small Milk @Fairprice Xtra, JEM, Jurong East",-5
2019-03-05,Expenses,Food,"Double Mc Spicy @Mc. Donald's, Jurong East",-10
2019-03-05,Expenses,Food,"Mixed Rice @Food Clique, SIM, Clementi",-4.1
2019-03-04,Expenses,Food,"Mala Hot Soup @Kampoeng, SIM, Clementi",-6.4
2019-03-04,Expenses,Food,"Mixed Rice @Food Clique, SIM, Clementi",-3.7
2019-03-03,Expenses,Food,"Mixed Rice @Food Loft, Clementi",-3.8
2019-03-03,Expenses,Drinks,"Very Strawberry @Heytea, ION Orchard, Orchard",-4.3
2019-03-03,Expenses,Snacks,"Snacks @Old Chang Kee & Tori-Q, ION Orchard, Orchard",-5
2019-03-02,Expenses,Food,"Mixed Rice @Food Loft, Clementi",-3.4
2019-03-02,Expenses,Home,"Bottle @Japan Home, Star Vista, Buona Vista",-1.8
2019-03-02,Income,Cash Withdrawal,,200
2019-03-02,Expenses,Food,"Mixed Rice @Food Clique, SIM, Clementi",-3.3
2019-03-01,Expenses,Food,"Popcorn Chicken @Kampoeng, SIM, Clementi",-5
2019-03-01,Expenses,Food,"Mixed Rice @Food Clique, SIM, Clementi",-4.1
2019-03-01,Income,Last Month's Balance,February's Balance,154.8
2019-02-28,Expenses,Home,AC Service Fee for 4 Months,-30
2019-02-28,Expenses,Transportation,Top Up Ezlink Card,-50
2019-02-28,Expenses,Groceries,"Milk + Sunshine's ENR W Bread @Fairprice, Clementi Mall, Clementi",-5
2019-02-28,Expenses,Food,"Bee Hoon @Food Fare, Clementi Mall, Clementi",-4.5
2019-02-28,Expenses,Food,"Mixed Rice @Food Clique, SIM, Clementi",-3.2
2019-02-27,Expenses,Groceries,"Bread @Fairprice, Dover Gardens, Dover",-2
2019-02-27,Expenses,Food,"Mini Wok @Kampoeng, SIM, Clementi",-4.5
2019-02-27,Expenses,Food,"Mixed Rice @Food Clique, SIM, Clementi",-3.2
2019-02-26,Expenses,Food,"Mala Hot Soup @Kampoeng, SIM, Clementi",-6.3
2019-02-26,Expenses,Food,"Mixed Rice @Food Clique, SIM, Clementi",-3.7
2019-02-25,Expenses,Food,"Japanese Food @Kampoeng, SIM, Clementi",-5.8
2019-02-25,Expenses,Food,"Mixed Rice @Food Clique, SIM, Clementi",-4
2019-02-24,Expenses,Food,"Mixed Rice @Foodfare, Dover",-3.6
2019-02-24,Expenses,Food,"French Fries @Mc. Donald's, Metropolis, Buona Vista",-3.2
2019-02-24,Expenses,Food,"Happy Sharing Box @Mc. Donald's, Metropolis, Buona Vista",-5.6
2019-02-23,Income,Cash Withdrawal,,100
2019-02-23,Expenses,Gift,,-2.3
2019-02-23,Expenses,Food,"Buttermilk Crispy Chicken @Mc. Donald's, Clementi Mall, Clementi",-12
2019-02-23,Expenses,Food,"Mixed Rice @Food Clique, SIM, Clementi",-2.8
2019-02-22,Expenses,Groceries,"Sunshine's LS DIGSTV W/BRD @Fairprice, Dover Gardens, Dover",-2.2
2019-02-22,Expenses,Food,"Mixed Rice @Food Clique, SIM, Clementi",-3.6
2019-02-22,Expenses,Stationary,"Foolscap Paper @Popular Book Store, SIM, Clementi",-2.6
2019-02-22,Expenses,Food,"Mixed Rice @Food Clique, SIM, Clementi",-3.7
2019-02-21,Expenses,Food,"Mixed Rice @Food Clique, SIM, Clementi",-4
2019-02-21,Expenses,Food,"Mixed Rice @Food Clique, SIM, Clementi",-3.7
2019-02-20,Expenses,Food,"Japanese Food @Kampoeng, SIM, Clementi",-5.5
2019-02-20,Expenses,Food,"Mixed Rice @Food Clique, SIM, Clementi",-3.7
2019-02-19,Expenses,Food,"Noodle @Kampoeng, SIM, Clementi",-4.8
2019-02-19,Expenses,Snacks,"Snacks @Food Clique, SIM, Clementi",-2.2
2019-02-18,Expenses,Food,"Mala Hot Soup @Kampoeng, SIM, Clementi",-4
2019-02-18,Expenses,Food,"Mixed Rice @Food Clique, SIM, Clementi",-4.1
2019-02-17,Expenses,Drinks,"Mineral Water @Fairprice Xtra, JEM, Jurong East",-0.3
2019-02-17,Expenses,Groceries,"Sunshine's ENR SFT @Fairprice Xtra, JEM, Jurong East",-1.8
2019-02-17,Expenses,Food,"Pizza @Pizza Hut, Westgate, Jurong East",-21.1
2019-02-17,Expenses,Snacks,"Croissant @Starbucks, Westgate, Jurong East",-3
2019-02-17,Expenses,Food,"Frappuccino @Starbucks, Westgate, Jurong East",-3.5
2019-02-16,Expenses,Food,"Mixed Rice @Dover Gardens, Dover",-3.9
2019-02-16,Expenses,Food,"Mala Hot Soup @Kampoeng, SIM, Clementi",-5.1
2019-02-15,Expenses,Fruits,"Juice @Boost Juice Bars, Suntec City, Esplanade",-3
2019-02-15,Expenses,Food,"Japanese Food @Cook House, Marina Square, Esplanade",-5.5
2019-02-15,Expenses,Food,"Mixed Rice @Food Clique, SIM, Clementi",-3.7
2019-02-14,Expenses,Gift,,-6.5
2019-02-14,Expenses,Food,"Mixed Rice @Foodfare, Dover",-3.3
2019-02-14,Expenses,Electronics,"Headset Adapter @Challenger, JEM, Jurong East",-6.4
2019-02-14,Expenses,Gift,,-7
2019-02-14,Expenses,Food,"Lunch @Tori-Q, Clementi Mall, Clementi",-6.4
2019-02-13,Expenses,Telephone,"Top Up Singtel SIM Card @7-Eleven, Clementi",-10
2019-02-13,Expenses,Food,"Indian Food @Prata Valley, Clementi",-7.4
2019-02-13,Expenses,Food,"Mixed Rice @Food Clique, SIM, Clementi",-3.7
2019-02-12,Expenses,Groceries,"Sunshine's LS DIGSTV W/BRD @Fairprice, Dover Gardens, Dover",-2.2
2019-02-12,Expenses,Food,"Mala Hot Soup @Kampoeng, SIM, Clementi",-5.6
2019-02-12,Expenses,Snacks,"Snacks @Food Clique, SIM, Clementi",-2.2
2019-02-11,Expenses,Food,"Mixed Rice @Food Clique, SIM, Clementi",-3.2
2019-02-11,Expenses,Food,"Mixed Rice @Food Clique, SIM, Clementi",-4.7
2019-02-10,Expenses,Food,"KFC Fried Chicken @KFC, Clementi Mall, Clementi",-12.4
2019-02-09,Expenses,Food,"Mixed Rice @Dover Gardens, Dover",-3.9
2019-02-08,Expenses,Movies,"How to Train Your Dragon 3 @Shaw's Theatre, J-Cube, Jurong East",-6.5
2019-02-08,Expenses,Body Care,"Dove's Anti Hairfall @Fair Price Xtra, JEM, Jurong East",-7.7
2019-02-08,Expenses,Groceries,"Skippy's Peanut Jam @Fairprice Xtra, JEM, Jurong East",-3.7
2019-02-08,Expenses,Food,"Mixed Rice @Food Republic, Westgate, Jurong East",-5.3
2019-02-08,Expenses,Food,"Ban Mian @Food Clique, SIM, Clementi",-3.7
2019-02-07,Expenses,Transportation,Top Up Ezlink Card,-50
2019-02-07,Expenses,Groceries,"Sunshine's HKD MT Bread @Fairprice Finest, Clementi Mall, Clementi",-2.7
2019-02-07,Expenses,Food,"Mc. Spicy @Mc. Donald's, Terminal 4, Changi",-8.3
2019-02-05,Income,Others,,400
2019-02-02,Expenses,Food,"Mixed Rice @Staff Canteen, Terminal 1, Changi",-5.7
2019-02-01,Expenses,Food,"Sunshine's Belgian Chocolate @Fairprice Finest, Clementi Mall, Clementi",-1
2019-02-01,Expenses,Food,"Japanese Food @Food Republic, 313 Somerset, Somerset",-6.3
2019-02-01,Expenses,Drinks,"Lemon Boom @Heytea, ION Orchard, Orchard",-2.7
2019-02-01,Expenses,Food,"Mixed Rice @Food Clique, SIM, Clementi",-4
2019-02-01,Income,Last Month's Balance,January's Balance,94
2019-01-31,Expenses,Food,"Mixed Rice @Dover Gardens, Dover",-3.9
2019-01-31,Expenses,Food,"Mixed Rice @Food Clique, SIM, Clementi",-4.1
2019-01-30,Expenses,Food,"Mixed Rice @Food Republic, City Square Mall, Farrer Park",-5
2019-01-30,Expenses,Gift,,-10
2019-01-30,Expenses,Food,"Mixed Rice @Food Clique, SIM, Clementi",-3.2
2019-01-29,Expenses,Body Care,"Lifebuoy's C.FRH BW HE 1L @Fairprice Finest, Clementi Mall, Clementi",-14
2019-01-29,Expenses,Gift,,-11.7
2019-01-29,Expenses,Food,"Noodle @Kampoeng, SIM, Clementi",-5
2019-01-29,Expenses,Snacks,"Snacks @Food Clique, SIM, Clementi",-2.4
2019-01-28,Expenses,Food,"Mixed Rice @Food Clique, SIM, Clementi",-4
2019-01-28,Expenses,Food,"Mixed Rice @Food Clique, SIM, Clementi",-4.2
2019-01-27,Expenses,Groceries,"Sunshine's ENR WHT Bread @Fairprice Finest, Clementi Mall, Clementi",-2
2019-01-27,Expenses,Gift,,-59.8
2019-01-27,Expenses,Gift,,-14.5
2019-01-27,Expenses,Food,"Thai Style Chicken Rice Mini Wok @Food Republic, Wisma Atria, Orchard",-5.9
2019-01-27,Expenses,Drinks,"Cookies and Cream @Boost Juice Bars, ION Mall, Orchard",-3
2019-01-27,Expenses,Snacks,"Snacks @Old Chang Kee, ION Mall, Orchard",-4.7
2019-01-26,Income,Cash Withdrawal,,100
2019-01-26,Expenses,Food,"Mixed Rice @Dover Gardens, Dover",-3.9
2019-01-26,Expenses,Food,"Mala Hot Soup @Kampoeng, SIM, Clementi",-5.6
2019-01-25,Expenses,Gift,,-49
2019-01-25,Expenses,Food,"Chicken Meatball Noodle @Encik Tan, Alexandra Retail Centre, Labrador Park",-5
2019-01-25,Expenses,Dessert,"Old Plain Chocolate Ice Cream @Creamier, Gillman Barrack",-4.7
2019-01-25,Expenses,Fruits,"Juice @Boost Juice Bars, Vivocity, Harbourfront",-3
2019-01-25,Expenses,Food,"Mixed Rice @Food Clique, SIM, Clementi",-4
2019-01-24,Expenses,Food,"Mala Hot Soup @Kampoeng, SIM, Clementi",-4.6
2019-01-24,Expenses,Food,"Mixed Rice @Food Clique, SIM, Clementi",-2.6
2019-01-23,Expenses,Food,"Mini Wok @Cook House, Marina Square, Promenade",-5.6
2019-01-23,Expenses,Food,"Mixed Rice @Food Clique, SIM, Clementi",-3.6
2019-01-23,Expenses,Gift,Birthday Gift + Birthday Pizza,-6
2019-01-22,Expenses,Groceries,"Sunshine's HKD MT Bread @Fairprice, Dover Gardens, Dover",-2.7
2019-01-22,Expenses,Food,"Mixed Rice @Food Clique, SIM, Clementi",-4
2019-01-22,Expenses,Snacks,"Snacks @Food Clique, SIM, Clementi",-2.2
2019-01-21,Expenses,Food,"Mixed Rice @Food Clique, SIM, Clementi",-4
2019-01-21,Expenses,Food,"Mixed Rice @Food Clique, SIM, Clementi",-4.1
2019-01-20,Expenses,Fruits,"Juice @Boost Juice Bars, Bugis Junction, Bugis",-2.7
2019-01-20,Expenses,Food,"Seafood Fried Rice @Food Junction, Bugis Junction, Bugis",-7.5
2019-01-19,Income,Cash Withdrawal,,200
2019-01-19,Expenses,Food,"Mixed Rice @Dover Gardens, Dover",-4.5
2019-01-19,Expenses,Food,"Mixed Rice @Food Clique, SIM, Clementi",-3.5
2019-01-18,Expenses,Snacks,"Snacks @Food Clique, SIM, Clementi",-1.5
2019-01-18,Expenses,Food,"Mixed Rice @Food Republic, Suntec City, Promenade",-5.5
2019-01-17,Expenses,Food,"Mala Hot Soup @Kampoeng, SIM, Clementi",-5.3
2019-01-17,Expenses,Food,"Mixed Rice @Food Clique, SIM, Clementi",-4.2
2019-01-16,Expenses,Snacks,"Sushi @Kampoeng, SIM, Clementi",-1.6
2019-01-16,Expenses,Food,"Mala Hot Soup @Kampoeng, SIM, Clementi",-3.5
2019-01-16,Expenses,Food,"Mixed Rice @Food Clique, SIM, Clementi",-4.2
2019-01-15,Expenses,Groceries,"Gardenia's Jumbo ER WH Bread @Fairprice, Dover Gardens, Dover",-2.4
2019-01-15,Expenses,Food,"Mixed Rice @Food Clique, SIM, Clementi",-3.7
2019-01-15,Expenses,Snacks,"Snacks @Food Clique, SIM, Clementi",-2.2
2019-01-14,Expenses,Food,"Mixed Rice @Food Clique, SIM, Clementi",-3.6
2019-01-14,Expenses,Food,"Mixed Rice @Food Clique, SIM, Clementi",-3.2
2019-01-13,Expenses,Transportation,Top Up Ezlink Card,-50
2019-01-13,Expenses,Food,"Double Cheeseburger @Mc Donald's, Suntec City, Promenade",-8.1
2019-01-13,Expenses,Drinks,"Mineral Water @Fair Price Xtra, NEX, Serangoon",-0.4
2019-01-13,Expenses,Snacks,"Snacks @Old Chang Kee, NEX, Serangoon",-4.3
2019-01-13,Expenses,Stationary,"Brush @Popular Bookstore, NEX, Serangoon",-8
2019-01-12,Expenses,Food,"Mixed Rice @Dover Gardens, Dover",-3.6
2019-01-11,Expenses,Food,"Mixed Rice @Dover Gardens, Dover",-3.9
2019-01-11,Expenses,Food,"Mixed Rice @Food Clique, SIM, Clementi",-3.7
2019-01-10,Expenses,Food,"Chicken Teriyaki @Kampoeng, SIM, Clementi",-5.5
2019-01-10,Expenses,Food,"Mixed Rice @Food Clique, SIM, Clementi",-3.7
2019-01-09,Expenses,Food,"Mixed Rice @Food Clique, SIM, Clementi",-2.8
2019-01-09,Expenses,Food,"Mixed Rice @Food Clique, SIM, Clementi",-3.2
2019-01-08,Expenses,Groceries,"Sunshine's ENRCH S/WHT Bread @Fairprice, Dover Gardens, Dover",-2.1
2019-01-08,Expenses,Food,"Mixed Rice @Food Clique, SIM, Clementi",-3.7
2019-01-08,Expenses,Snacks,"Snacks @Food Clique, SIM, Clementi",-2.2
2019-01-07,Expenses,Food,"Mixed Rice @Food Clique, SIM, Clementi",-3.6
2019-01-07,Expenses,Food,"Mixed Rice @Food Clique, SIM, Clementi",-3.5
2019-01-06,Expenses,Food,"Bee Hoon @Foodfare, Clementi Mall, Clementi",-4.5
2019-01-05,Income,Cash Withdrawal,,200
2019-01-05,Expenses,Food,"Mixed Rice @Dover Gardens, Dover",-3.9
2019-01-05,Expenses,Food,"Mixed Rice @Food Clique, SIM, Clementi",-2.8
2019-01-04,Expenses,Food,"Mixed Rice @Food Clique, SIM, Clementi",-2.8
2019-01-04,Expenses,Food,"Mixed Rice @Food Clique, SIM, Clementi",-3.7
2019-01-03,Expenses,Food,"Gardenia's H/CAL Bread @Fair Price, Dover Gardens, Dover",-2.8
2019-01-03,Expenses,Food,"Mixed Rice @Food Clique, SIM, Clementi",-4
2019-01-03,Expenses,Gift,Birthday Cake ,-1.6
2019-01-03,Expenses,Gift,Birthday Gift,-4
2019-01-03,Expenses,Snacks,"Snack @Food Clique, SIM, Clementi",-2.2
2019-01-02,Expenses,Food,"Black Pepper Fish Mini Wok @Food Republic, Shaw Theatre, Orchard",-5.9
2019-01-02,Expenses,Food,"Mixed Rice @Food Clique, SIM, Clementi",-3.2
2019-01-01,Expenses,Food,"Mixed Rice @Dover Gardens, Dover",-3.6
2019-01-01,Income,Last Month's Balance,December's Balance,82.4
2018-12-31,Expenses,Food,"Mixed Rice @Dover Gardens, Dover",-3.6
2018-12-30,Expenses,Food,"Mixed Rice @Dover Gardens, Dover",-3.6
2018-12-29,Expenses,Groceries,"Gardenia's ENR Bread @Fairprice, Dover Gardens, Dover",-2
2018-12-29,Expenses,Food,"Mixed Rice @Dover Gardens, Dover",-4.3
2018-12-28,Expenses,Food,"Mixed Rice @Dover Gardens, Dover",-3.6
2018-12-28,Expenses,Food,"Mixed Rice @Food Clique, SIM, Clementi",-3.2
2018-12-27,Expenses,Fruits,"Juice @Boost Juice Bars, Vivo City, Harbourfront",-2.5
2018-12-27,Expenses,Food,"Salmon & Teriyaki @Kopitiam, Vivo City, Harbourfront",-6.8
2018-12-27,Expenses,Food,"Mixed Rice @ Food Clique, SIM, Clementi",-2.8
2018-12-26,Expenses,Dessert,"Chocolate Devotion Ice Cream @Cold Stone Creamery, Orchard Central, Somerset",-3.4
2018-12-26,Expenses,Food,"Noodle @Let's Eat, ION Mall, Orchard",-5
2018-12-26,Expenses,Food,"Mixed Rice @Food Clique, SIM, Clementi",-3.7
2018-12-25,Expenses,Food,"Fried Rice @Holland Food Market, Holland Village",-4.5
2018-12-25,Expenses,Fruits,"Juice @Boost Juice Bars, Holland Village",-3
2018-12-25,Expenses,Transportation,Top Up Ezlink Card,-50
2018-12-24,Expenses,Groceries,"Sunshine's HKD MT Bread @Fairprice Finest, Clementi Mall, Clementi",-2.7
2018-12-24,Expenses,Drinks,"Mineral Water @Fair Price Finest, Clementi Mall, Clementi",-0.3
2018-12-24,Expenses,Food,"Sweet & Sour Fish Rice @Cook House, Marina Square, Promenade",-5.6
2018-12-24,Expenses,Drinks,"Mineral Water @7 Eleven, Esplanade",-2.2
2018-12-24,Expenses,Food,"Pasta + Pizza @Loui's Pizza, Universal Studio, Harbourfront",-14
2018-12-23,Expenses,Electronics,"Adapter @Bookfest, Suntec City, Promenade",-10
2018-12-23,Expenses,Fruits,"Juice @Boost Juice Bars, Suntec City, Promenade",-3
2018-12-23,Expenses,Snacks,"Snacks @Old Chang Kee, Suntec City, Promenade",-5.1
2018-12-22,Expenses,Food,"Cream & Hayashi Omelette Rice @OMU Rice, Suntec City, Promenade",-15
2018-12-22,Income,Cash Withdrawal,,100
2018-12-22,Expenses,Food,"Mixed Rice @Dover Gardens, Dover",-3.6
2018-12-22,Expenses,Food,"Bee Hoon @Ngee Ann Polytechnic, Clementi",-3.2
2018-12-21,Expenses,Drinks,"Milk Tea @Tiger Sugar, Capitol Piazza, City Hall",-2.6
2018-12-21,Expenses,Telephone,"Top Up Singtel SIM Card @Singtel Retail, Capitol Piazza, City Hall",-10
2018-12-21,Expenses,Food,"Buttermilk Chicken @Mc Donald's, Suntec City, Promenade",-9.55
2018-12-21,Expenses,Food,"Mixed Rice @Food Clique, SIM, Clementi",-4.1
2018-12-20,Expenses,Food,"Mixed Rice @Foodfare, Clementi Mall, Clementi",-3.4
2018-12-19,Expenses,Snacks,"Toblerone @Fairprice Xtra, JEM, Jurong East",-3.5
2018-12-19,Expenses,Groceries,"Sunshine's HKD MT Bread @Fairprice Xtra, JEM, Jurong East",-2.7
2018-12-19,Expenses,Food,"Mixed Rice @Food Republic, Westgate, Jurong East",-5.3
2018-12-19,Expenses,Drinks,"Frappucinno @Starbucks, Westgate, Jurong East",-3
2018-12-19,Expenses,Food,"Mixed Rice @Food Clique, SIM, Clementi",-4.1
2018-12-18,Expenses,Food,"Hotplate @Ngee Ann Polytechnic, Clementi",-4
2018-12-18,Expenses,Snacks,"Snacks @Food Clique, SIM, Clementi",-2.4
2018-12-17,Expenses,Food,"Mixed Rice @Foodfare, Dover",-3.9
2018-12-17,Expenses,Dessert,"Mc Flurry @Mc Donald, Bugis Junction, Bugis",-2.7
2018-12-17,Expenses,Food,"Mixed Rice @Food Clique, SIM, Clementi",-4
2018-12-16,Expenses,Food,"Mixed Rice @Dover Gardens, Dover",-3.6
2018-12-15,Expenses,Drinks,"Mineral Water @Fairprice Finest, Clementi Mall, Clementi",-0.4
2018-12-15,Expenses,Food,"Bee Hoon @Foodfare, Clementi Mall, Clementi",-4.5
2018-12-15,Expenses,Food,"Mixed Rice @Food Clique, SIM, Clementi",-3.7
2018-12-14,Expenses,Groceries,"Gardenia's H/ Cal M/Bread @Fairprice Finest, Clementi Mall, Clementi",-2.8
2018-12-14,Expenses,Fruits,"Juice @Boost Juice Bars, Plaza Singapura, Dhoby Ghaut",-2.5
2018-12-14,Expenses,Food,"Japanese Food @Food Republic, 313 Somerset, Somerset",-6.3
2018-12-14,Expenses,Stationary,"Blue Pen @Popular Bookstore, SIM, Clementi",-2
2018-12-14,Expenses,Food,"Mixed Rice @Food Clique, SIM, Clementi",-3.7
2018-12-13,Expenses,Food,"Mixed Rice @Foodfare, Clementi Mall, Clementi",-4.2
2018-12-13,Expenses,Snacks,"Snacks @Food Clique, SIM, Clementi",-2.2
2018-12-12,Expenses,Food,"Mixed Rice @Fod Clique, SIM, Clementi",-4
2018-12-12,Expenses,Food,"Mixed Rice @Food Clique, SIM, Clementi",-3.7
2018-12-11,Expenses,Food,"Mixed Rice @Dover Gardens, Dover",-4.3
2018-12-11,Expenses,Snacks,"Snacks @Food Clique, SIM, Clementi",-2.2
2018-12-10,Expenses,Food,"Mixed Rice @Dover Gardens, Dover",-3.6
2018-12-10,Expenses,Food,"Mixed Rice @Food Clique, SIM, Clementi",-4.1
2018-12-09,Income,Cash Withdrawal,,200
2018-12-09,Expenses,Groceries,"Sunshine's LS DIGSTV Bread @Fairprice, Dover Gardens, Dover",-2.35
2018-12-09,Expenses,Food,"Mixed Rice @Dover Gardens, Dover",-3.6
2018-12-08,Expenses,Food,"Mixed Rice @Food Republic, Vivo City, Harbourfront",-8.8
2018-12-08,Expenses,Food,"Pizza @Loui's Pizza, Universal Studio, Harbourfront",-12
2018-12-08,Expenses,Entertainment,Universal Studio Ticket,-88
2018-12-07,Expenses,Food,"Noodle @Cantine, Jurong Point, Boon Lay",-4.5
2018-12-07,Expenses,Food,"Mixed Rice @Food Clique, SIM, Clementi",-3.7
2018-12-07,Expenses,Gift,Birthday Cake,-1.6
2018-12-07,Expenses,Gift,Birthday Present,-3
2018-12-07,Expenses,Transportation,Top Up Ezlink Card,-50
2018-12-06,Expenses,Food,"Mixed Rice @Food Clique, SIM, Clementi",-3.7
2018-12-06,Expenses,Food,"Mixed Rice @Foodfare, Clementi Mall, Clementi",-3.5
2018-12-06,Expenses,Gift,"Small Cake @Cake History, Clementi",-3.8
2018-12-05,Expenses,Movies,"The Grinch @WE Cinema, 321 Clementi, Clementi",-7
2018-12-05,Expenses,Food,"Grilled Fish @Foodfare, Clementi Mall, Clementi",-4.8
2018-12-05,Expenses,Food,"Mixed Rice @Food Clique, SIM, Clementi",-4
2018-12-04,Expenses,Food,"Mixed Rice @Dover Gardens, Dover",-3.6
2018-12-04,Expenses,Snacks,"Snacks @Food Clique, SIM, Clementi",-2.4
2018-12-03,Expenses,Food,"Mixed Rice @Food Clique, SIM, Clementi",-4
2018-12-03,Expenses,Food,"Mixed Rice @Food Clique, SIM, Clementi",-4.2
2018-12-02,Expenses,Food,"Big Mac @Mc.Donald's, Raffles City, City Hall",-8
2018-12-02,Expenses,Gift,"Christmas Present @Fwah, Bugis Junction, Bugis",-10
2018-12-02,Expenses,Fruits,"Juice @Boost Juice Bars, Bugis Junction, Bugis",-2.7
2018-12-02,Expenses,Snacks,"Chocolate Puff @Beard Papa's, Bugis Junction, Bugis",-3.5
2018-12-02,Expenses,Groceries,"Sunshine's HKD MT Bread @Fairprice Finest, Clementi Mall, Clementi",-2.7
2018-12-01,Expenses,Food,"Mixed Rice @Dover Gardens, Dover",-3.6
2018-12-01,Income,Cash Withdrawal,Cash Withdrawal,200
2018-12-01,Income,Last Month's Balance,November's Balance,121.2
2018-11-30,Expenses,Food,"Mixed Rice @Dover Gardens, Dover",-4.6
2018-11-30,Expenses,Food,"Mixed Rice @Food Clique, SIM, Clementi",-3.6
2018-11-29,Expenses,Food,"Mixed Rice @Food Republic, Westgate, Jurong East",-4.5
2018-11-29,Expenses,Food,"Mixed Rice @Food Clique, SIM, Clementi",-2.6
2018-11-29,Expenses,Snacks,"Snacks @Food Clique, SIM, Clementi",-2.2
2018-11-28,Expenses,Food,"Mixed Rice @Dover Gardens, Dover",-3.6
2018-11-28,Expenses,Snacks,"Snacks @Food Clique, SIM, Clementi",-2.9
2018-11-27,Expenses,Fruits,"Juice @Boost Juice Bars, Holland Village",-2.5
2018-11-27,Expenses,Groceries,"Sunshine's HKD MT Bread @Shengsiong, Dover",-2.7
2018-11-27,Expenses,Food,"Noodle @Foodfare, Dover",-3.8
2018-11-27,Expenses,Stationary,"Tape @Popular Bookstore, SIM, Clementi",-3.2
2018-11-27,Expenses,Snacks,"Snacks @Food Clique, SIM, Clementi",-2.2
2018-11-26,Expenses,Food,"Bee Hoon @Ngee Ann Polytechnics, Clementi",-3.2
2018-11-26,Expenses,Food,"Mixed Rice @Food Clique, SIM, Clementi",-3.7
2018-11-25,Expenses,Food,"Bee Hoon @Foodfare, Clementi Mall, Clementi",-4.5
2018-11-24,Expenses,Food,"Mixed Rice @Dover Gardens, Dover",-3.6
2018-11-24,Expenses,Food,"Japanese Cuisine @Ngee Ann Polytechnics, Clementi",-4
2018-11-23,Expenses,Fruits,"Juice @Boost Juice Bars, Plaza Singapura, Dhoby Ghaut",-2.6
2018-11-23,Expenses,Food,"Curry Rice @Let's Eat, ION Mall, Orchard",-5
2018-11-23,Expenses,Food,"Mixed Rice @Food Clique, SIM, Clementi",-3.7
2018-11-22,Expenses,Groceries,"Gardenia's H/Cal M/BRD @Fairprice, Dover Gardens, Dover",-2.8
2018-11-22,Expenses,Food,"Indonesian Grilled Chicken @Gado & Grill, Northpoint Shopping Centre, Yishun",-6.5
2018-11-22,Expenses,Dessert,"Ice Cream @Udders, Bishan",-8
2018-11-22,Expenses,Food,"Mixed Rice @Food Clique, Sim, Clementi",-4
2018-11-21,Expenses,Food,"Mixed Rice @Dover Gardens, Dover",-3.6
2018-11-21,Expenses,Food,"Mixed Rice @Food Clique, SIM, Clementi ",-3.7
2018-11-20,Expenses,Snacks,"Snacks @Food Clique, SIM, Clementi",-3.3
2018-11-20,Expenses,Food,"Mixed Rice @Foodfare, Clementi Mall, Clementi",-4.2
2018-11-19,Expenses,Food,"Mixed Rice @Food Clique, SIM, Clementi",-4
2018-11-19,Expenses,Food,"Mixed Rice @Food Clique, SIM, Clementi",-3.7
2018-11-18,Expenses,Snacks,"Kinderjoy Bueno @Fairprice, Westgate, Jurong East",-1.9
2018-11-18,Expenses,Drinks,"Milk Tea @LiHo Tea, JEM, Jurong East",-2
2018-11-18,Expenses,Transportation,Top Up Ezlink Card ,-50
2018-11-18,Expenses,Food,"Mixed Rice @Food Republic, Westgate, Jurong East",-4.5
2018-11-18,Expenses,Snacks,"Snacks @Old Chang Kee, JEM, Jurong East",-5.2
2018-11-17,Expenses,Food,"Mixed Rice @Dover Gardens, Dover",-4.3
2018-11-17,Income,Cash Withdrawal,Cash Withdrawal ,200
2018-11-17,Expenses,Groceries,"Sunshine's ENR SFT WH BR @Fairprice, Dover Gardens, Dover",-2
2018-11-16,Expenses,Food,"Fried Rice @Holland Food Market, Holland Village",-4.5
2018-11-16,Expenses,Food,"Mixed Rice @Food Clique, SIM, Clementi",-3.3
2018-11-16,Expenses,Snacks,"Snacks @Food Clique, SIM, Clementi",-2.2
2018-11-15,Expenses,Food,"Mixed Rice @Food Clique, SIM, Clementi",-3.2
2018-11-15,Expenses,Snacks,"Snacks @Food Clique, SIM, Clementi",-2.4
2018-11-14,Expenses,Food,"Hot Plate @Ngee Ann Polytechnic, Clementi",-3.5
2018-11-14,Expenses,Food,"Mixed Rice @Food Clique, SIM, Clementi",-4.3
2018-11-13,Expenses,Food,"Curry Rice @Ngee Ann Polytechnic, Clementi",-4
2018-11-13,Expenses,Snacks,"Snacks @Food Clique, SIM ,Clementi",-2.4
2018-11-12,Expenses,Groceries,"Sunshine's HKD MT Bread + Skippy Peanut Jam @Fair Price, Dover Gardens, Dover",-6.4
2018-11-12,Expenses,Food,"Mixed Rice @Food Clique, SIM, Clementi",-4
2018-11-12,Expenses,Food,"Mixed Rice @Food Clique, SIM, Clementi",-4.3
2018-11-11,Expenses,Fruits,"Juice @Boost Juice Bars, Plaza Singapura, Dhoby Ghaut",-2.5
2018-11-11,Expenses,Food,"Noodle @Let's Eat, ION Mall, Orchard",-5
2018-11-11,Expenses,Dessert,"Chocolate Ferrero Waffle @Sunday Folks, Holland Village",-6
2018-11-10,Expenses,Food,"Lotus Root Pork Ribs Soup @Dover Gardens, Dover",-4.3
2018-11-09,Expenses,Drinks,"Mineral Water @Fair Price Finest, Clementi Mall, Clementi ",-0.4
2018-11-09,Expenses,Fruits,"Juice @Clementi Mall, Clementi",-2
2018-11-09,Expenses,Food,"Mixed Rice @Foodfare, Clementi Mall, Clementi",-4.2
2018-11-09,Expenses,Movies,"Bohemian Rhapsody @WE Cinema, 321 Clementi, Clementi",-7
2018-11-09,Expenses,Food,"Mixed Rice @Food Clique, SIM, Clementi",-4
2018-11-08,Expenses,Fruits,"Juice @Boost Juice Bars, Holland Village",-2.5
2018-11-08,Expenses,Food,"Fried Rice @Holland Food Market, Holland Village",-4.5
2018-11-08,Expenses,Stationary,"Foolscap Paper, Mechanic Pencil, Lead @Popular Bookstore, SIM, Clementi",-8.65
2018-11-07,Expenses,Groceries,"Sunshine's LS DIGSTV Bread @Fairprice Finest, Clementi Mall, Clementi",-2.35
2018-11-07,Expenses,Food,"Pepperlunch @Foodfare, Clementi Mall, Clementi",-6.9
2018-11-07,Expenses,Food,"Mixed Rice @Food Clique, SIM, Clementi",-4
2018-11-06,Expenses,Drinks,"Mineral Water @Fair Price, Dover",-0.4
2018-11-06,Expenses,Haircut,Haircut @Dover,-10
2018-11-06,Expenses,Food,"Mixed Rice @Foodfare, Dover",-4
2018-11-05,Expenses,Food,"Noodle @Dover Gardens, Dover",-3.5
2018-11-05,Expenses,Others,Et Cetera,-4
2018-11-05,Expenses,Food,"Mixed Rice @Food Clique, SIM, Clementi",-4.3
2018-11-04,Expenses,Food,"Salted Egg Chicken Rice @Sim Lim Square, Rochor",-5
2018-11-04,Expenses,Food,"Monster Curry @Food Republic, 313, Somerset",-9.8
2018-11-04,Expenses,Sport,"Volleyball Field Rental @OCBC Arena, Stadium",-6
2018-11-04,Expenses,Drinks,"Mineral Water @Fair Price, Dover",-0.75
2018-11-03,Income,Cash Withdrawal,Cash Withdrawal,200
2018-11-03,Expenses,Food,"Mixed Rice @Dover Gardens, Dover",-3.9
2018-11-02,Expenses,Health,"Eye Mo @Watsons, Bugis Junction, Bugis",-5.9
2018-11-02,Expenses,Fruits,"Juice @Bugis Street, Bugis",-1
2018-11-02,Expenses,Groceries,"Sunshine's HKD MT Bread @Cold Storage, Bugis Junction, Bugis",-2.7
2018-11-02,Expenses,Food,"Salted Egg Chicken Rice @Sim Lim Square, Rochor",-5.5
2018-11-02,Expenses,Food,"Mixed Rice @Food Clique, SIM, Clementi",-4
2018-11-01,Expenses,Food,"Tom Yum @Food Opera, ION Orchard, Orchard",-9.5
2018-11-01,Income,Last Month's Balance,October's Balance,92.65
2018-10-31,Expenses,Fruits,"Juice @Boost Juice Bars, Raffles City, City Hall",-2.25
2018-10-31,Expenses,Food,"Mixed Rice @Lau Pa Sat, Raffles Place",-3.8
2018-10-31,Expenses,Transportation,Top Up Ezlink Card,-50
2018-10-31,Expenses,Snacks,"Snack @Old Chang Kee, Clementi Mall, Clementi",-4.8
2018-10-31,Expenses,Food,"Mixed Rice @Food Clique, SIM, Clementi",-4.3
2018-10-30,Expenses,Food,"Hot Plate @Ngee Ann Polytechnic, Clementi",-3.8
2018-10-30,Expenses,Snacks,"Snack @Food Clique, SIM, Clementi",-2.6
2018-10-29,Expenses,Food,"Spaghetti @Ngee Ann Polytechnic, Clementi",-5
2018-10-29,Expenses,Food,"Mixed Rice @Food Clique, SIM, Clementi",-3.6
2018-10-28,Expenses,Fruits,"Juice @Boost Juice Bars, Northpoint Shopping Centre, Yishun",-2.5
2018-10-28,Expenses,Food,"Mixed Rice @Kopitiam, Northpoint Shopping Centre, Yishun",-4.7
2018-10-28,Income,Cash Withdrawal,Cash Withdrawal + Current Balance,180
